theta0,theta1
8490.001471352709,-0.021353994414746967
